<?xml version="1.0" encoding="ISO-8859-1"?>

<project>
    <publishDate format="dd MMMMMMMMM yyyy"/>

    <skin>
        <groupId>org.apache.maven.skins</groupId>
        <artifactId>maven-fluido-skin</artifactId>
        <version>1.5</version>
    </skin>

    <bannerLeft>
        <name>Gargoyle Software Inc.</name>
        <src>/images/GargoyleSoftwareLogo.jpg</src>
        <href>http://www.GargoyleSoftware.com/</href>
    </bannerLeft>
    <bannerRight>
        <name>${project.name}</name>
        <href>http://htmlunit.sourceforge.net/</href>
    </bannerRight>

    <body>
        <menu name="SourceForge.net">
            <item name="Project Page" href="http://www.sourceforge.net/projects/htmlunit"/>
            <item name="Download" href="https://sourceforge.net/projects/htmlunit/files/htmlunit/"/>
        </menu>
        <menu name="How do I...">
            <item name="Get started" href="/gettingStarted.html"/>
            <item name="Use the Keyboard" href="/keyboard-howto.html"/>
            <item name="Use Tables" href="/table-howto.html"/>
            <item name="Use Frames" href="/frame-howto.html"/>
            <item name="Use Windows" href="/window-howto.html"/>
            <item name="Use JavaScript" href="/javascript-howto.html"/>
            <item name="Use ActiveX" href="/activeX-howto.html"/>
        </menu>
        <menu name="User docs">
            <item name="Logging" href="/logging.html"/>
            <item name="FAQ" href="/faq.html"/>
        </menu>
        <menu name="Support">
            <item name="Mailing lists" href="/mail-lists.html"/>
            <item name="Professional support" href="/professionalSupport.html"/>
        </menu>
        <menu name="Developer docs">
            <item name="Getting Latest Code" href="/gettingLatestCode.html"/>
            <item name="Coding conventions" href="/codingConventions.html"/>
            <item name="Submitting bugs" href="/submittingBugs.html"/>
            <item name="Submitting JavaScript bugs" href="/submittingJSBugs.html"/>
            <item name="Submitting patches" href="/submittingPatches.html"/>
            <item name="JavaScript engine" href="/javascript.html"/>
            <item name="Packaging a release" href="/packagingARelease.html"/>
            <item name="Updating selenium" href="/updatingSelenium.html"/>
        </menu>
        <menu ref="reports"/>
        <menu ref="parent"/>
        <menu ref="modules"/>

    </body>
</project>

